{"payload":{"installed_packages":["absl-py==1.4.0","antlr4-python3-runtime==4.9.3","appdirs==1.4.4","asttokens==2.2.1","astunparse==1.6.3","attrs==23.1.0","audioread==3.0.0","backcall==0.2.0","branca==0.6.0","cachetools==5.3.0","certifi==2023.5.7","cffi==1.15.1","charset-normalizer==3.1.0","click-plugins==1.1.1","click==8.1.3","cligj==0.7.2","colorama==0.4.6","comet-ml==3.35.6","comm==0.1.2","configobj==5.0.8","contourpy==1.0.7","cycler==0.11.0","debugpy==1.6.6","decorator==5.1.1","dulwich==0.21.7","everett==3.1.0","executing==1.2.0","ffmpeg-downloader==0.2.0","ffmpeg==1.4","filelock==3.13.1","fiona==1.9.3","flatbuffers==23.3.3","folium==0.14.0","fonttools==4.38.0","fsspec==2023.12.2","gast==0.4.0","geopandas==0.13.0","gitdb==4.0.11","gitpython==3.1.40","google-auth-oauthlib==1.0.0","google-auth==2.17.3","google-pasta==0.2.0","grpcio==1.54.0","h5py==3.8.0","hub-sdk==0.0.3","hydra-core==1.3.2","idna==3.4","ipykernel==6.21.2","ipython==8.11.0","jax==0.4.8","jedi==0.18.2","jesth==0.0.8","jinja2==3.1.2","joblib==1.2.0","jsonschema-specifications==2023.12.1","jsonschema==4.20.0","jupyter-client==8.0.3","jupyter-core==5.2.0","keras==2.12.0","kiwisolver==1.4.4","lazy-loader==0.3","libclang==16.0.0","librosa==0.10.1","llvmlite==0.40.1","markdown-it-py==3.0.0","markdown==3.4.3","markupsafe==2.1.2","matplotlib-inline==0.1.6","matplotlib==3.7.0","mdurl==0.1.2","ml-dtypes==0.1.0","mpmath==1.3.0","msgpack==1.0.5","munch==2.5.0","nest-asyncio==1.5.6","networkx==3.2.1","nltk==3.6.2","numba==0.57.1","numpy==1.23.5","oauthlib==3.2.2","omegaconf==2.3.0","opencv-python==4.8.0.74","opt-einsum==3.3.0","packaging==23.0","pandas==2.0.0","parso==0.8.3","pickleshare==0.7.5","pillow==10.2.0","pip==23.3.2","platformdirs==3.0.0","playsound==1.3.0","pooch==1.7.0","prettytable==3.8.0","prompt-toolkit==3.0.38","protobuf==4.22.4","psutil==5.9.4","pure-eval==0.2.2","py-cpuinfo==9.0.0","pyasn1-modules==0.3.0","pyasn1==0.5.0","pycparser==2.21","pydub==0.25.1","pygments==2.14.0","pyparsing==3.0.9","pyproj==3.5.0","python-box==6.1.0","python-dateutil==2.8.2","pytz==2023.3","pywin32==305","pyyaml==6.0.1","pyzmq==25.0.0","referencing==0.32.1","regex==2023.3.23","requests-oauthlib==1.3.1","requests-toolbelt==1.0.0","requests==2.30.0","rich==13.7.0","rpds-py==0.16.2","rsa==4.9","scikit-learn==1.2.2","scipy==1.10.1","seaborn==0.12.2","semantic-version==2.10.0","sentry-sdk==1.39.2","setuptools==69.0.3","shapely==2.0.1","shared==0.0.27","silence-tensorflow==1.2.1","simplejson==3.19.2","six==1.16.0","smmap==5.0.1","soundfile==0.12.1","soxr==0.3.6","spafe==0.3.2","squarify==0.4.3","stack-data==0.6.2","support-developer==1.0.5","sympy==1.12","tensorboard-data-server==0.7.0","tensorboard==2.12.3","tensorflow-estimator==2.12.0","tensorflow-intel==2.12.0","tensorflow-io-gcs-filesystem==0.31.0","tensorflow-io==0.31.0","tensorflow==2.12.0","termcolor==2.3.0","thop==0.1.1.post2209072238","threadpoolctl==3.1.0","torch==2.1.2","torchvision==0.16.2","tornado==6.2","tqdm==4.65.0","traitlets==5.9.0","typing-extensions==4.5.0","tzdata==2023.3","ultralytics==8.1.0","urllib3==2.0.2","wcwidth==0.2.6","websocket-client==1.3.3","werkzeug==2.3.3","wheel==0.40.0","wrapt==1.14.1","wurlitzer==3.0.3"],"local_timestamp":1705047614981,"message_id":1},"type":"ws_msg"}
{"payload":{"env_details":{"command":["train.py","--data","coco.yaml","--epochs","300","--weights","''","--cfg","yolov5s.yaml","--batch-size","128"],"env":null,"hostname":"DESKTOP-ND0L2E1","ip":"192.168.1.15","machine":"AMD64","os":"Windows-10-10.0.22631-SP0","os_release":"10","os_type":"Windows","pid":520,"processor":"Intel64 Family 6 Model 140 Stepping 2, GenuineIntel","python_exe":"C:\\Users\\Nguyen Le Vu Anh\\AppData\\Local\\Programs\\Python\\Python311\\python.exe","python_version":"3.11.1","python_version_verbose":"3.11.1 (tags/v3.11.1:a7a450f, Dec  6 2022, 19:58:39) [MSC v.1934 64 bit (AMD64)]","user":"Nguyen Le Vu Anh"},"local_timestamp":1705047615113,"message_id":2},"type":"ws_msg"}
{"payload":{"local_timestamp":1705047615654,"message_id":3,"param":{"paramName":"data","paramValue":"coco.yaml","source":"cli","step":null}},"type":"parameter_msg"}
{"payload":{"local_timestamp":1705047615654,"message_id":4,"param":{"paramName":"epochs","paramValue":300,"source":"cli","step":null}},"type":"parameter_msg"}
{"payload":{"local_timestamp":1705047615654,"message_id":5,"param":{"paramName":"weights","paramValue":"","source":"cli","step":null}},"type":"parameter_msg"}
{"payload":{"local_timestamp":1705047615654,"message_id":6,"param":{"paramName":"cfg","paramValue":"yolov5s.yaml","source":"cli","step":null}},"type":"parameter_msg"}
{"payload":{"local_timestamp":1705047615654,"message_id":7,"param":{"paramName":"batch-size","paramValue":128,"source":"cli","step":null}},"type":"parameter_msg"}
{"payload":{"local_timestamp":1705047615655,"message_id":8,"metric":{"epoch":null,"metricName":"sys.cpu.percent.avg","metricValue":4.425000000000001,"step":null}},"type":"metric_msg"}
{"payload":{"local_timestamp":1705047615655,"message_id":9,"metric":{"epoch":null,"metricName":"sys.ram.total","metricValue":16948453376,"step":null}},"type":"metric_msg"}
{"payload":{"local_timestamp":1705047615655,"message_id":10,"metric":{"epoch":null,"metricName":"sys.ram.used","metricValue":10714312704,"step":null}},"type":"metric_msg"}
{"payload":{"local_timestamp":1705047615655,"message_id":11,"metric":{"epoch":null,"metricName":"sys.ram.available","metricValue":6234140672,"step":null}},"type":"metric_msg"}
{"payload":{"local_timestamp":1705047615655,"message_id":12,"metric":{"epoch":null,"metricName":"sys.ram.percent.used","metricValue":63.2,"step":null}},"type":"metric_msg"}
{"payload":{"local_timestamp":1705047615655,"message_id":13,"metric":{"epoch":null,"metricName":"sys.load.avg","metricValue":0.0,"step":null}},"type":"metric_msg"}
{"payload":{"local_timestamp":1705047615655,"log_other":{"key":"offline_experiment","val":true},"message_id":14},"type":"ws_msg"}
{"payload":{"local_timestamp":1705047615655,"log_other":{"key":"Name","val":"exp"},"message_id":15},"type":"ws_msg"}
{"payload":{"local_timestamp":1705047615665,"message_id":16,"stderr":true,"stdout":"Traceback (most recent call last):\n"},"type":"ws_msg"}
{"payload":{"local_timestamp":1705047615665,"message_id":17,"stderr":true,"stdout":"  File \"D:\\py\\yolov5\\train.py\", line 846, in <module>\n"},"type":"ws_msg"}
{"payload":{"local_timestamp":1705047615665,"message_id":18,"stderr":true,"stdout":"    "},"type":"ws_msg"}
{"payload":{"local_timestamp":1705047615665,"message_id":19,"stderr":true,"stdout":"main(opt)"},"type":"ws_msg"}
{"payload":{"local_timestamp":1705047615665,"message_id":20,"stderr":true,"stdout":"\n"},"type":"ws_msg"}
{"payload":{"local_timestamp":1705047615666,"message_id":21,"stderr":true,"stdout":"  File \"D:\\py\\yolov5\\train.py\", line 616, in main\n"},"type":"ws_msg"}
{"payload":{"local_timestamp":1705047615666,"message_id":22,"stderr":true,"stdout":"    "},"type":"ws_msg"}
{"payload":{"local_timestamp":1705047615666,"message_id":23,"stderr":true,"stdout":"train(opt.hyp, opt, device, callbacks)"},"type":"ws_msg"}
{"payload":{"local_timestamp":1705047615666,"message_id":24,"stderr":true,"stdout":"\n"},"type":"ws_msg"}
{"payload":{"local_timestamp":1705047615666,"message_id":25,"stderr":true,"stdout":"  File \"D:\\py\\yolov5\\train.py\", line 147, in train\n"},"type":"ws_msg"}
{"payload":{"local_timestamp":1705047615667,"message_id":26,"stderr":true,"stdout":"    "},"type":"ws_msg"}
{"payload":{"local_timestamp":1705047615667,"message_id":27,"stderr":true,"stdout":"loggers = Loggers("},"type":"ws_msg"}
{"payload":{"local_timestamp":1705047615667,"message_id":28,"stderr":true,"stdout":"\n"},"type":"ws_msg"}
{"payload":{"local_timestamp":1705047615667,"message_id":29,"stderr":true,"stdout":" "},"type":"ws_msg"}
{"payload":{"local_timestamp":1705047615667,"message_id":30,"stderr":true,"stdout":" "},"type":"ws_msg"}
{"payload":{"local_timestamp":1705047615667,"message_id":31,"stderr":true,"stdout":" "},"type":"ws_msg"}
{"payload":{"local_timestamp":1705047615667,"message_id":32,"stderr":true,"stdout":" "},"type":"ws_msg"}
{"payload":{"local_timestamp":1705047615667,"message_id":33,"stderr":true,"stdout":" "},"type":"ws_msg"}
{"payload":{"local_timestamp":1705047615667,"message_id":34,"stderr":true,"stdout":" "},"type":"ws_msg"}
{"payload":{"local_timestamp":1705047615667,"message_id":35,"stderr":true,"stdout":" "},"type":"ws_msg"}
{"payload":{"local_timestamp":1705047615667,"message_id":36,"stderr":true,"stdout":" "},"type":"ws_msg"}
{"payload":{"local_timestamp":1705047615667,"message_id":37,"stderr":true,"stdout":" "},"type":"ws_msg"}
{"payload":{"local_timestamp":1705047615667,"message_id":38,"stderr":true,"stdout":" "},"type":"ws_msg"}
{"payload":{"local_timestamp":1705047615667,"message_id":39,"stderr":true,"stdout":" "},"type":"ws_msg"}
{"payload":{"local_timestamp":1705047615667,"message_id":40,"stderr":true,"stdout":" "},"type":"ws_msg"}
{"payload":{"local_timestamp":1705047615667,"message_id":41,"stderr":true,"stdout":" "},"type":"ws_msg"}
{"payload":{"local_timestamp":1705047615667,"message_id":42,"stderr":true,"stdout":" "},"type":"ws_msg"}
{"payload":{"local_timestamp":1705047615667,"message_id":43,"stderr":true,"stdout":"^"},"type":"ws_msg"}
{"payload":{"local_timestamp":1705047615667,"message_id":44,"stderr":true,"stdout":"^"},"type":"ws_msg"}
{"payload":{"local_timestamp":1705047615667,"message_id":45,"stderr":true,"stdout":"^"},"type":"ws_msg"}
{"payload":{"local_timestamp":1705047615667,"message_id":46,"stderr":true,"stdout":"^"},"type":"ws_msg"}
{"payload":{"local_timestamp":1705047615667,"message_id":47,"stderr":true,"stdout":"^"},"type":"ws_msg"}
{"payload":{"local_timestamp":1705047615667,"message_id":48,"stderr":true,"stdout":"^"},"type":"ws_msg"}
{"payload":{"local_timestamp":1705047615667,"message_id":49,"stderr":true,"stdout":"^"},"type":"ws_msg"}
{"payload":{"local_timestamp":1705047615667,"message_id":50,"stderr":true,"stdout":"^"},"type":"ws_msg"}
{"payload":{"local_timestamp":1705047615667,"message_id":51,"stderr":true,"stdout":"\n"},"type":"ws_msg"}
{"payload":{"local_timestamp":1705047615667,"message_id":52,"stderr":true,"stdout":"  File \"D:\\py\\yolov5\\utils\\loggers\\__init__.py\", line 148, in __init__\n"},"type":"ws_msg"}
{"payload":{"local_timestamp":1705047615667,"message_id":53,"stderr":true,"stdout":"    "},"type":"ws_msg"}
{"payload":{"local_timestamp":1705047615667,"message_id":54,"stderr":true,"stdout":"self.comet_logger = CometLogger(self.opt, self.hyp)"},"type":"ws_msg"}
{"payload":{"local_timestamp":1705047615667,"message_id":55,"stderr":true,"stdout":"\n"},"type":"ws_msg"}
{"payload":{"local_timestamp":1705047615667,"message_id":56,"stderr":true,"stdout":" "},"type":"ws_msg"}
{"payload":{"local_timestamp":1705047615667,"message_id":57,"stderr":true,"stdout":" "},"type":"ws_msg"}
{"payload":{"local_timestamp":1705047615667,"message_id":58,"stderr":true,"stdout":" "},"type":"ws_msg"}
{"payload":{"local_timestamp":1705047615667,"message_id":59,"stderr":true,"stdout":" "},"type":"ws_msg"}
{"payload":{"local_timestamp":1705047615667,"message_id":60,"stderr":true,"stdout":" "},"type":"ws_msg"}
{"payload":{"local_timestamp":1705047615667,"message_id":61,"stderr":true,"stdout":" "},"type":"ws_msg"}
{"payload":{"local_timestamp":1705047615667,"message_id":62,"stderr":true,"stdout":" "},"type":"ws_msg"}
{"payload":{"local_timestamp":1705047615667,"message_id":63,"stderr":true,"stdout":" "},"type":"ws_msg"}
{"payload":{"local_timestamp":1705047615667,"message_id":64,"stderr":true,"stdout":" "},"type":"ws_msg"}
{"payload":{"local_timestamp":1705047615667,"message_id":65,"stderr":true,"stdout":" "},"type":"ws_msg"}
{"payload":{"local_timestamp":1705047615667,"message_id":66,"stderr":true,"stdout":" "},"type":"ws_msg"}
{"payload":{"local_timestamp":1705047615667,"message_id":67,"stderr":true,"stdout":" "},"type":"ws_msg"}
{"payload":{"local_timestamp":1705047615667,"message_id":68,"stderr":true,"stdout":" "},"type":"ws_msg"}
{"payload":{"local_timestamp":1705047615667,"message_id":69,"stderr":true,"stdout":" "},"type":"ws_msg"}
{"payload":{"local_timestamp":1705047615667,"message_id":70,"stderr":true,"stdout":" "},"type":"ws_msg"}
{"payload":{"local_timestamp":1705047615667,"message_id":71,"stderr":true,"stdout":" "},"type":"ws_msg"}
{"payload":{"local_timestamp":1705047615667,"message_id":72,"stderr":true,"stdout":" "},"type":"ws_msg"}
{"payload":{"local_timestamp":1705047615667,"message_id":73,"stderr":true,"stdout":" "},"type":"ws_msg"}
{"payload":{"local_timestamp":1705047615667,"message_id":74,"stderr":true,"stdout":" "},"type":"ws_msg"}
{"payload":{"local_timestamp":1705047615667,"message_id":75,"stderr":true,"stdout":" "},"type":"ws_msg"}
{"payload":{"local_timestamp":1705047615668,"message_id":76,"stderr":true,"stdout":" "},"type":"ws_msg"}
{"payload":{"local_timestamp":1705047615668,"message_id":77,"stderr":true,"stdout":" "},"type":"ws_msg"}
{"payload":{"local_timestamp":1705047615668,"message_id":78,"stderr":true,"stdout":" "},"type":"ws_msg"}
{"payload":{"local_timestamp":1705047615668,"message_id":79,"stderr":true,"stdout":" "},"type":"ws_msg"}
{"payload":{"local_timestamp":1705047615668,"message_id":80,"stderr":true,"stdout":"^"},"type":"ws_msg"}
{"payload":{"local_timestamp":1705047615668,"message_id":81,"stderr":true,"stdout":"^"},"type":"ws_msg"}
{"payload":{"local_timestamp":1705047615668,"message_id":82,"stderr":true,"stdout":"^"},"type":"ws_msg"}
{"payload":{"local_timestamp":1705047615668,"message_id":83,"stderr":true,"stdout":"^"},"type":"ws_msg"}
{"payload":{"local_timestamp":1705047615668,"message_id":84,"stderr":true,"stdout":"^"},"type":"ws_msg"}
{"payload":{"local_timestamp":1705047615668,"message_id":85,"stderr":true,"stdout":"^"},"type":"ws_msg"}
{"payload":{"local_timestamp":1705047615668,"message_id":86,"stderr":true,"stdout":"^"},"type":"ws_msg"}
{"payload":{"local_timestamp":1705047615668,"message_id":87,"stderr":true,"stdout":"^"},"type":"ws_msg"}
{"payload":{"local_timestamp":1705047615668,"message_id":88,"stderr":true,"stdout":"^"},"type":"ws_msg"}
{"payload":{"local_timestamp":1705047615668,"message_id":89,"stderr":true,"stdout":"^"},"type":"ws_msg"}
{"payload":{"local_timestamp":1705047615668,"message_id":90,"stderr":true,"stdout":"^"},"type":"ws_msg"}
{"payload":{"local_timestamp":1705047615668,"message_id":91,"stderr":true,"stdout":"^"},"type":"ws_msg"}
{"payload":{"local_timestamp":1705047615668,"message_id":92,"stderr":true,"stdout":"^"},"type":"ws_msg"}
{"payload":{"local_timestamp":1705047615668,"message_id":93,"stderr":true,"stdout":"^"},"type":"ws_msg"}
{"payload":{"local_timestamp":1705047615668,"message_id":94,"stderr":true,"stdout":"^"},"type":"ws_msg"}
{"payload":{"local_timestamp":1705047615668,"message_id":95,"stderr":true,"stdout":"^"},"type":"ws_msg"}
{"payload":{"local_timestamp":1705047615668,"message_id":96,"stderr":true,"stdout":"^"},"type":"ws_msg"}
{"payload":{"local_timestamp":1705047615668,"message_id":97,"stderr":true,"stdout":"^"},"type":"ws_msg"}
{"payload":{"local_timestamp":1705047615668,"message_id":98,"stderr":true,"stdout":"^"},"type":"ws_msg"}
{"payload":{"local_timestamp":1705047615668,"message_id":99,"stderr":true,"stdout":"^"},"type":"ws_msg"}
{"payload":{"local_timestamp":1705047615668,"message_id":100,"stderr":true,"stdout":"^"},"type":"ws_msg"}
{"payload":{"local_timestamp":1705047615668,"message_id":101,"stderr":true,"stdout":"^"},"type":"ws_msg"}
{"payload":{"local_timestamp":1705047615668,"message_id":102,"stderr":true,"stdout":"^"},"type":"ws_msg"}
{"payload":{"local_timestamp":1705047615668,"message_id":103,"stderr":true,"stdout":"^"},"type":"ws_msg"}
{"payload":{"local_timestamp":1705047615668,"message_id":104,"stderr":true,"stdout":"^"},"type":"ws_msg"}
{"payload":{"local_timestamp":1705047615668,"message_id":105,"stderr":true,"stdout":"^"},"type":"ws_msg"}
{"payload":{"local_timestamp":1705047615668,"message_id":106,"stderr":true,"stdout":"^"},"type":"ws_msg"}
{"payload":{"local_timestamp":1705047615668,"message_id":107,"stderr":true,"stdout":"^"},"type":"ws_msg"}
{"payload":{"local_timestamp":1705047615668,"message_id":108,"stderr":true,"stdout":"^"},"type":"ws_msg"}
{"payload":{"local_timestamp":1705047615668,"message_id":109,"stderr":true,"stdout":"^"},"type":"ws_msg"}
{"payload":{"local_timestamp":1705047615668,"message_id":110,"stderr":true,"stdout":"^"},"type":"ws_msg"}
{"payload":{"local_timestamp":1705047615668,"message_id":111,"stderr":true,"stdout":"\n"},"type":"ws_msg"}
{"payload":{"local_timestamp":1705047615668,"message_id":112,"stderr":true,"stdout":"  File \"D:\\py\\yolov5\\utils\\loggers\\comet\\__init__.py\", line 97, in __init__\n"},"type":"ws_msg"}
{"payload":{"local_timestamp":1705047615670,"message_id":113,"stderr":true,"stdout":"    "},"type":"ws_msg"}
{"payload":{"local_timestamp":1705047615670,"message_id":114,"stderr":true,"stdout":"self.data_dict = self.check_dataset(self.opt.data)"},"type":"ws_msg"}
{"payload":{"local_timestamp":1705047615670,"message_id":115,"stderr":true,"stdout":"\n"},"type":"ws_msg"}
{"payload":{"local_timestamp":1705047615670,"message_id":116,"stderr":true,"stdout":" "},"type":"ws_msg"}
{"payload":{"local_timestamp":1705047615670,"message_id":117,"stderr":true,"stdout":" "},"type":"ws_msg"}
{"payload":{"local_timestamp":1705047615670,"message_id":118,"stderr":true,"stdout":" "},"type":"ws_msg"}
{"payload":{"local_timestamp":1705047615670,"message_id":119,"stderr":true,"stdout":" "},"type":"ws_msg"}
{"payload":{"local_timestamp":1705047615670,"message_id":120,"stderr":true,"stdout":" "},"type":"ws_msg"}
{"payload":{"local_timestamp":1705047615670,"message_id":121,"stderr":true,"stdout":" "},"type":"ws_msg"}
{"payload":{"local_timestamp":1705047615670,"message_id":122,"stderr":true,"stdout":" "},"type":"ws_msg"}
{"payload":{"local_timestamp":1705047615670,"message_id":123,"stderr":true,"stdout":" "},"type":"ws_msg"}
{"payload":{"local_timestamp":1705047615670,"message_id":124,"stderr":true,"stdout":" "},"type":"ws_msg"}
{"payload":{"local_timestamp":1705047615670,"message_id":125,"stderr":true,"stdout":" "},"type":"ws_msg"}
{"payload":{"local_timestamp":1705047615670,"message_id":126,"stderr":true,"stdout":" "},"type":"ws_msg"}
{"payload":{"local_timestamp":1705047615670,"message_id":127,"stderr":true,"stdout":" "},"type":"ws_msg"}
{"payload":{"local_timestamp":1705047615670,"message_id":128,"stderr":true,"stdout":" "},"type":"ws_msg"}
{"payload":{"local_timestamp":1705047615670,"message_id":129,"stderr":true,"stdout":" "},"type":"ws_msg"}
{"payload":{"local_timestamp":1705047615670,"message_id":130,"stderr":true,"stdout":" "},"type":"ws_msg"}
{"payload":{"local_timestamp":1705047615670,"message_id":131,"stderr":true,"stdout":" "},"type":"ws_msg"}
{"payload":{"local_timestamp":1705047615670,"message_id":132,"stderr":true,"stdout":" "},"type":"ws_msg"}
{"payload":{"local_timestamp":1705047615670,"message_id":133,"stderr":true,"stdout":" "},"type":"ws_msg"}
{"payload":{"local_timestamp":1705047615670,"message_id":134,"stderr":true,"stdout":" "},"type":"ws_msg"}
{"payload":{"local_timestamp":1705047615670,"message_id":135,"stderr":true,"stdout":" "},"type":"ws_msg"}
{"payload":{"local_timestamp":1705047615670,"message_id":136,"stderr":true,"stdout":" "},"type":"ws_msg"}
{"payload":{"local_timestamp":1705047615670,"message_id":137,"stderr":true,"stdout":"^"},"type":"ws_msg"}
{"payload":{"local_timestamp":1705047615670,"message_id":138,"stderr":true,"stdout":"^"},"type":"ws_msg"}
{"payload":{"local_timestamp":1705047615670,"message_id":139,"stderr":true,"stdout":"^"},"type":"ws_msg"}
{"payload":{"local_timestamp":1705047615670,"message_id":140,"stderr":true,"stdout":"^"},"type":"ws_msg"}
{"payload":{"local_timestamp":1705047615670,"message_id":141,"stderr":true,"stdout":"^"},"type":"ws_msg"}
{"payload":{"local_timestamp":1705047615670,"message_id":142,"stderr":true,"stdout":"^"},"type":"ws_msg"}
{"payload":{"local_timestamp":1705047615670,"message_id":143,"stderr":true,"stdout":"^"},"type":"ws_msg"}
{"payload":{"local_timestamp":1705047615670,"message_id":144,"stderr":true,"stdout":"^"},"type":"ws_msg"}
{"payload":{"local_timestamp":1705047615670,"message_id":145,"stderr":true,"stdout":"^"},"type":"ws_msg"}
{"payload":{"local_timestamp":1705047615670,"message_id":146,"stderr":true,"stdout":"^"},"type":"ws_msg"}
{"payload":{"local_timestamp":1705047615670,"message_id":147,"stderr":true,"stdout":"^"},"type":"ws_msg"}
{"payload":{"local_timestamp":1705047615670,"message_id":148,"stderr":true,"stdout":"^"},"type":"ws_msg"}
{"payload":{"local_timestamp":1705047615670,"message_id":149,"stderr":true,"stdout":"^"},"type":"ws_msg"}
{"payload":{"local_timestamp":1705047615670,"message_id":150,"stderr":true,"stdout":"^"},"type":"ws_msg"}
{"payload":{"local_timestamp":1705047615670,"message_id":151,"stderr":true,"stdout":"^"},"type":"ws_msg"}
{"payload":{"local_timestamp":1705047615670,"message_id":152,"stderr":true,"stdout":"^"},"type":"ws_msg"}
{"payload":{"local_timestamp":1705047615670,"message_id":153,"stderr":true,"stdout":"^"},"type":"ws_msg"}
{"payload":{"local_timestamp":1705047615670,"message_id":154,"stderr":true,"stdout":"^"},"type":"ws_msg"}
{"payload":{"local_timestamp":1705047615670,"message_id":155,"stderr":true,"stdout":"^"},"type":"ws_msg"}
{"payload":{"local_timestamp":1705047615670,"message_id":156,"stderr":true,"stdout":"^"},"type":"ws_msg"}
{"payload":{"local_timestamp":1705047615670,"message_id":157,"stderr":true,"stdout":"^"},"type":"ws_msg"}
{"payload":{"local_timestamp":1705047615670,"message_id":158,"stderr":true,"stdout":"^"},"type":"ws_msg"}
{"payload":{"local_timestamp":1705047615670,"message_id":159,"stderr":true,"stdout":"^"},"type":"ws_msg"}
{"payload":{"local_timestamp":1705047615670,"message_id":160,"stderr":true,"stdout":"^"},"type":"ws_msg"}
{"payload":{"local_timestamp":1705047615670,"message_id":161,"stderr":true,"stdout":"^"},"type":"ws_msg"}
{"payload":{"local_timestamp":1705047615670,"message_id":162,"stderr":true,"stdout":"^"},"type":"ws_msg"}
{"payload":{"local_timestamp":1705047615670,"message_id":163,"stderr":true,"stdout":"^"},"type":"ws_msg"}
{"payload":{"local_timestamp":1705047615670,"message_id":164,"stderr":true,"stdout":"^"},"type":"ws_msg"}
{"payload":{"local_timestamp":1705047615670,"message_id":165,"stderr":true,"stdout":"^"},"type":"ws_msg"}
{"payload":{"local_timestamp":1705047615670,"message_id":166,"stderr":true,"stdout":"^"},"type":"ws_msg"}
{"payload":{"local_timestamp":1705047615670,"message_id":167,"stderr":true,"stdout":"^"},"type":"ws_msg"}
{"payload":{"local_timestamp":1705047615670,"message_id":168,"stderr":true,"stdout":"^"},"type":"ws_msg"}
{"payload":{"local_timestamp":1705047615670,"message_id":169,"stderr":true,"stdout":"^"},"type":"ws_msg"}
{"payload":{"local_timestamp":1705047615670,"message_id":170,"stderr":true,"stdout":"\n"},"type":"ws_msg"}
{"payload":{"local_timestamp":1705047615670,"message_id":171,"stderr":true,"stdout":"  File \"D:\\py\\yolov5\\utils\\loggers\\comet\\__init__.py\", line 240, in check_dataset\n"},"type":"ws_msg"}
{"payload":{"local_timestamp":1705047615671,"message_id":172,"stderr":true,"stdout":"    "},"type":"ws_msg"}
{"payload":{"local_timestamp":1705047615671,"message_id":173,"stderr":true,"stdout":"data_config = yaml.safe_load(f)"},"type":"ws_msg"}
{"payload":{"local_timestamp":1705047615671,"message_id":174,"stderr":true,"stdout":"\n"},"type":"ws_msg"}
{"payload":{"local_timestamp":1705047615671,"message_id":175,"stderr":true,"stdout":" "},"type":"ws_msg"}
{"payload":{"local_timestamp":1705047615671,"message_id":176,"stderr":true,"stdout":" "},"type":"ws_msg"}
{"payload":{"local_timestamp":1705047615671,"message_id":177,"stderr":true,"stdout":" "},"type":"ws_msg"}
{"payload":{"local_timestamp":1705047615671,"message_id":178,"stderr":true,"stdout":" "},"type":"ws_msg"}
{"payload":{"local_timestamp":1705047615671,"message_id":179,"stderr":true,"stdout":" "},"type":"ws_msg"}
{"payload":{"local_timestamp":1705047615671,"message_id":180,"stderr":true,"stdout":" "},"type":"ws_msg"}
{"payload":{"local_timestamp":1705047615671,"message_id":181,"stderr":true,"stdout":" "},"type":"ws_msg"}
{"payload":{"local_timestamp":1705047615671,"message_id":182,"stderr":true,"stdout":" "},"type":"ws_msg"}
{"payload":{"local_timestamp":1705047615671,"message_id":183,"stderr":true,"stdout":" "},"type":"ws_msg"}
{"payload":{"local_timestamp":1705047615671,"message_id":184,"stderr":true,"stdout":" "},"type":"ws_msg"}
{"payload":{"local_timestamp":1705047615671,"message_id":185,"stderr":true,"stdout":" "},"type":"ws_msg"}
{"payload":{"local_timestamp":1705047615671,"message_id":186,"stderr":true,"stdout":" "},"type":"ws_msg"}
{"payload":{"local_timestamp":1705047615671,"message_id":187,"stderr":true,"stdout":" "},"type":"ws_msg"}
{"payload":{"local_timestamp":1705047615671,"message_id":188,"stderr":true,"stdout":" "},"type":"ws_msg"}
{"payload":{"local_timestamp":1705047615671,"message_id":189,"stderr":true,"stdout":" "},"type":"ws_msg"}
{"payload":{"local_timestamp":1705047615671,"message_id":190,"stderr":true,"stdout":" "},"type":"ws_msg"}
{"payload":{"local_timestamp":1705047615671,"message_id":191,"stderr":true,"stdout":" "},"type":"ws_msg"}
{"payload":{"local_timestamp":1705047615671,"message_id":192,"stderr":true,"stdout":" "},"type":"ws_msg"}
{"payload":{"local_timestamp":1705047615671,"message_id":193,"stderr":true,"stdout":"^"},"type":"ws_msg"}
{"payload":{"local_timestamp":1705047615671,"message_id":194,"stderr":true,"stdout":"^"},"type":"ws_msg"}
{"payload":{"local_timestamp":1705047615671,"message_id":195,"stderr":true,"stdout":"^"},"type":"ws_msg"}
{"payload":{"local_timestamp":1705047615671,"message_id":196,"stderr":true,"stdout":"^"},"type":"ws_msg"}
{"payload":{"local_timestamp":1705047615671,"message_id":197,"stderr":true,"stdout":"^"},"type":"ws_msg"}
{"payload":{"local_timestamp":1705047615671,"message_id":198,"stderr":true,"stdout":"^"},"type":"ws_msg"}
{"payload":{"local_timestamp":1705047615671,"message_id":199,"stderr":true,"stdout":"^"},"type":"ws_msg"}
{"payload":{"local_timestamp":1705047615671,"message_id":200,"stderr":true,"stdout":"^"},"type":"ws_msg"}
{"payload":{"local_timestamp":1705047615671,"message_id":201,"stderr":true,"stdout":"^"},"type":"ws_msg"}
{"payload":{"local_timestamp":1705047615671,"message_id":202,"stderr":true,"stdout":"^"},"type":"ws_msg"}
{"payload":{"local_timestamp":1705047615671,"message_id":203,"stderr":true,"stdout":"^"},"type":"ws_msg"}
{"payload":{"local_timestamp":1705047615671,"message_id":204,"stderr":true,"stdout":"^"},"type":"ws_msg"}
{"payload":{"local_timestamp":1705047615671,"message_id":205,"stderr":true,"stdout":"^"},"type":"ws_msg"}
{"payload":{"local_timestamp":1705047615671,"message_id":206,"stderr":true,"stdout":"^"},"type":"ws_msg"}
{"payload":{"local_timestamp":1705047615671,"message_id":207,"stderr":true,"stdout":"^"},"type":"ws_msg"}
{"payload":{"local_timestamp":1705047615671,"message_id":208,"stderr":true,"stdout":"^"},"type":"ws_msg"}
{"payload":{"local_timestamp":1705047615671,"message_id":209,"stderr":true,"stdout":"^"},"type":"ws_msg"}
{"payload":{"local_timestamp":1705047615671,"message_id":210,"stderr":true,"stdout":"\n"},"type":"ws_msg"}
{"payload":{"local_timestamp":1705047615671,"message_id":211,"stderr":true,"stdout":"  File \"C:\\Users\\Nguyen Le Vu Anh\\AppData\\Local\\Programs\\Python\\Python311\\Lib\\site-packages\\yaml\\__init__.py\", line 125, in safe_load\n"},"type":"ws_msg"}
{"payload":{"local_timestamp":1705047615680,"message_id":212,"stderr":true,"stdout":"    "},"type":"ws_msg"}
{"payload":{"local_timestamp":1705047615680,"message_id":213,"stderr":true,"stdout":"return load(stream, SafeLoader)"},"type":"ws_msg"}
{"payload":{"local_timestamp":1705047615680,"message_id":214,"stderr":true,"stdout":"\n"},"type":"ws_msg"}
{"payload":{"local_timestamp":1705047615680,"message_id":215,"stderr":true,"stdout":" "},"type":"ws_msg"}
{"payload":{"local_timestamp":1705047615680,"message_id":216,"stderr":true,"stdout":" "},"type":"ws_msg"}
{"payload":{"local_timestamp":1705047615680,"message_id":217,"stderr":true,"stdout":" "},"type":"ws_msg"}
{"payload":{"local_timestamp":1705047615680,"message_id":218,"stderr":true,"stdout":" "},"type":"ws_msg"}
{"payload":{"local_timestamp":1705047615680,"message_id":219,"stderr":true,"stdout":" "},"type":"ws_msg"}
{"payload":{"local_timestamp":1705047615680,"message_id":220,"stderr":true,"stdout":" "},"type":"ws_msg"}
{"payload":{"local_timestamp":1705047615680,"message_id":221,"stderr":true,"stdout":" "},"type":"ws_msg"}
{"payload":{"local_timestamp":1705047615680,"message_id":222,"stderr":true,"stdout":" "},"type":"ws_msg"}
{"payload":{"local_timestamp":1705047615680,"message_id":223,"stderr":true,"stdout":" "},"type":"ws_msg"}
{"payload":{"local_timestamp":1705047615680,"message_id":224,"stderr":true,"stdout":" "},"type":"ws_msg"}
{"payload":{"local_timestamp":1705047615680,"message_id":225,"stderr":true,"stdout":" "},"type":"ws_msg"}
{"payload":{"local_timestamp":1705047615680,"message_id":226,"stderr":true,"stdout":"^"},"type":"ws_msg"}
{"payload":{"local_timestamp":1705047615680,"message_id":227,"stderr":true,"stdout":"^"},"type":"ws_msg"}
{"payload":{"local_timestamp":1705047615680,"message_id":228,"stderr":true,"stdout":"^"},"type":"ws_msg"}
{"payload":{"local_timestamp":1705047615680,"message_id":229,"stderr":true,"stdout":"^"},"type":"ws_msg"}
{"payload":{"local_timestamp":1705047615680,"message_id":230,"stderr":true,"stdout":"^"},"type":"ws_msg"}
{"payload":{"local_timestamp":1705047615680,"message_id":231,"stderr":true,"stdout":"^"},"type":"ws_msg"}
{"payload":{"local_timestamp":1705047615680,"message_id":232,"stderr":true,"stdout":"^"},"type":"ws_msg"}
{"payload":{"local_timestamp":1705047615680,"message_id":233,"stderr":true,"stdout":"^"},"type":"ws_msg"}
{"payload":{"local_timestamp":1705047615680,"message_id":234,"stderr":true,"stdout":"^"},"type":"ws_msg"}
{"payload":{"local_timestamp":1705047615680,"message_id":235,"stderr":true,"stdout":"^"},"type":"ws_msg"}
{"payload":{"local_timestamp":1705047615680,"message_id":236,"stderr":true,"stdout":"^"},"type":"ws_msg"}
{"payload":{"local_timestamp":1705047615680,"message_id":237,"stderr":true,"stdout":"^"},"type":"ws_msg"}
{"payload":{"local_timestamp":1705047615680,"message_id":238,"stderr":true,"stdout":"^"},"type":"ws_msg"}
{"payload":{"local_timestamp":1705047615680,"message_id":239,"stderr":true,"stdout":"^"},"type":"ws_msg"}
{"payload":{"local_timestamp":1705047615680,"message_id":240,"stderr":true,"stdout":"^"},"type":"ws_msg"}
{"payload":{"local_timestamp":1705047615680,"message_id":241,"stderr":true,"stdout":"^"},"type":"ws_msg"}
{"payload":{"local_timestamp":1705047615680,"message_id":242,"stderr":true,"stdout":"^"},"type":"ws_msg"}
{"payload":{"local_timestamp":1705047615680,"message_id":243,"stderr":true,"stdout":"^"},"type":"ws_msg"}
{"payload":{"local_timestamp":1705047615680,"message_id":244,"stderr":true,"stdout":"^"},"type":"ws_msg"}
{"payload":{"local_timestamp":1705047615680,"message_id":245,"stderr":true,"stdout":"^"},"type":"ws_msg"}
{"payload":{"local_timestamp":1705047615680,"message_id":246,"stderr":true,"stdout":"^"},"type":"ws_msg"}
{"payload":{"local_timestamp":1705047615680,"message_id":247,"stderr":true,"stdout":"^"},"type":"ws_msg"}
{"payload":{"local_timestamp":1705047615680,"message_id":248,"stderr":true,"stdout":"^"},"type":"ws_msg"}
{"payload":{"local_timestamp":1705047615680,"message_id":249,"stderr":true,"stdout":"^"},"type":"ws_msg"}
{"payload":{"local_timestamp":1705047615681,"message_id":250,"stderr":true,"stdout":"\n"},"type":"ws_msg"}
{"payload":{"local_timestamp":1705047615681,"message_id":251,"stderr":true,"stdout":"  File \"C:\\Users\\Nguyen Le Vu Anh\\AppData\\Local\\Programs\\Python\\Python311\\Lib\\site-packages\\yaml\\__init__.py\", line 79, in load\n"},"type":"ws_msg"}
{"payload":{"local_timestamp":1705047615681,"message_id":252,"stderr":true,"stdout":"    "},"type":"ws_msg"}
{"payload":{"local_timestamp":1705047615681,"message_id":253,"stderr":true,"stdout":"loader = Loader(stream)"},"type":"ws_msg"}
{"payload":{"local_timestamp":1705047615681,"message_id":254,"stderr":true,"stdout":"\n"},"type":"ws_msg"}
{"payload":{"local_timestamp":1705047615681,"message_id":255,"stderr":true,"stdout":" "},"type":"ws_msg"}
{"payload":{"local_timestamp":1705047615681,"message_id":256,"stderr":true,"stdout":" "},"type":"ws_msg"}
{"payload":{"local_timestamp":1705047615681,"message_id":257,"stderr":true,"stdout":" "},"type":"ws_msg"}
{"payload":{"local_timestamp":1705047615681,"message_id":258,"stderr":true,"stdout":" "},"type":"ws_msg"}
{"payload":{"local_timestamp":1705047615681,"message_id":259,"stderr":true,"stdout":" "},"type":"ws_msg"}
{"payload":{"local_timestamp":1705047615681,"message_id":260,"stderr":true,"stdout":" "},"type":"ws_msg"}
{"payload":{"local_timestamp":1705047615681,"message_id":261,"stderr":true,"stdout":" "},"type":"ws_msg"}
{"payload":{"local_timestamp":1705047615681,"message_id":262,"stderr":true,"stdout":" "},"type":"ws_msg"}
{"payload":{"local_timestamp":1705047615681,"message_id":263,"stderr":true,"stdout":" "},"type":"ws_msg"}
{"payload":{"local_timestamp":1705047615681,"message_id":264,"stderr":true,"stdout":" "},"type":"ws_msg"}
{"payload":{"local_timestamp":1705047615681,"message_id":265,"stderr":true,"stdout":" "},"type":"ws_msg"}
{"payload":{"local_timestamp":1705047615681,"message_id":266,"stderr":true,"stdout":" "},"type":"ws_msg"}
{"payload":{"local_timestamp":1705047615681,"message_id":267,"stderr":true,"stdout":" "},"type":"ws_msg"}
{"payload":{"local_timestamp":1705047615681,"message_id":268,"stderr":true,"stdout":"^"},"type":"ws_msg"}
{"payload":{"local_timestamp":1705047615681,"message_id":269,"stderr":true,"stdout":"^"},"type":"ws_msg"}
{"payload":{"local_timestamp":1705047615681,"message_id":270,"stderr":true,"stdout":"^"},"type":"ws_msg"}
{"payload":{"local_timestamp":1705047615681,"message_id":271,"stderr":true,"stdout":"^"},"type":"ws_msg"}
{"payload":{"local_timestamp":1705047615681,"message_id":272,"stderr":true,"stdout":"^"},"type":"ws_msg"}
{"payload":{"local_timestamp":1705047615681,"message_id":273,"stderr":true,"stdout":"^"},"type":"ws_msg"}
{"payload":{"local_timestamp":1705047615681,"message_id":274,"stderr":true,"stdout":"^"},"type":"ws_msg"}
{"payload":{"local_timestamp":1705047615681,"message_id":275,"stderr":true,"stdout":"^"},"type":"ws_msg"}
{"payload":{"local_timestamp":1705047615681,"message_id":276,"stderr":true,"stdout":"^"},"type":"ws_msg"}
{"payload":{"local_timestamp":1705047615681,"message_id":277,"stderr":true,"stdout":"^"},"type":"ws_msg"}
{"payload":{"local_timestamp":1705047615681,"message_id":278,"stderr":true,"stdout":"^"},"type":"ws_msg"}
{"payload":{"local_timestamp":1705047615681,"message_id":279,"stderr":true,"stdout":"^"},"type":"ws_msg"}
{"payload":{"local_timestamp":1705047615681,"message_id":280,"stderr":true,"stdout":"^"},"type":"ws_msg"}
{"payload":{"local_timestamp":1705047615681,"message_id":281,"stderr":true,"stdout":"^"},"type":"ws_msg"}
{"payload":{"local_timestamp":1705047615681,"message_id":282,"stderr":true,"stdout":"\n"},"type":"ws_msg"}
{"payload":{"local_timestamp":1705047615681,"message_id":283,"stderr":true,"stdout":"  File \"C:\\Users\\Nguyen Le Vu Anh\\AppData\\Local\\Programs\\Python\\Python311\\Lib\\site-packages\\yaml\\loader.py\", line 34, in __init__\n"},"type":"ws_msg"}
{"payload":{"local_timestamp":1705047615688,"message_id":284,"stderr":true,"stdout":"    "},"type":"ws_msg"}
{"payload":{"local_timestamp":1705047615688,"message_id":285,"stderr":true,"stdout":"Reader.__init__(self, stream)"},"type":"ws_msg"}
{"payload":{"local_timestamp":1705047615688,"message_id":286,"stderr":true,"stdout":"\n"},"type":"ws_msg"}
{"payload":{"local_timestamp":1705047615688,"message_id":287,"stderr":true,"stdout":"  File \"C:\\Users\\Nguyen Le Vu Anh\\AppData\\Local\\Programs\\Python\\Python311\\Lib\\site-packages\\yaml\\reader.py\", line 85, in __init__\n"},"type":"ws_msg"}
{"payload":{"local_timestamp":1705047615695,"message_id":288,"stderr":true,"stdout":"    "},"type":"ws_msg"}
{"payload":{"local_timestamp":1705047615695,"message_id":289,"stderr":true,"stdout":"self.determine_encoding()"},"type":"ws_msg"}
{"payload":{"local_timestamp":1705047615695,"message_id":290,"stderr":true,"stdout":"\n"},"type":"ws_msg"}
{"payload":{"local_timestamp":1705047615695,"message_id":291,"stderr":true,"stdout":"  File \"C:\\Users\\Nguyen Le Vu Anh\\AppData\\Local\\Programs\\Python\\Python311\\Lib\\site-packages\\yaml\\reader.py\", line 124, in determine_encoding\n"},"type":"ws_msg"}
{"payload":{"local_timestamp":1705047615695,"message_id":292,"stderr":true,"stdout":"    "},"type":"ws_msg"}
{"payload":{"local_timestamp":1705047615695,"message_id":293,"stderr":true,"stdout":"self.update_raw()"},"type":"ws_msg"}
{"payload":{"local_timestamp":1705047615695,"message_id":294,"stderr":true,"stdout":"\n"},"type":"ws_msg"}
{"payload":{"local_timestamp":1705047615696,"message_id":295,"stderr":true,"stdout":"  File \"C:\\Users\\Nguyen Le Vu Anh\\AppData\\Local\\Programs\\Python\\Python311\\Lib\\site-packages\\yaml\\reader.py\", line 178, in update_raw\n"},"type":"ws_msg"}
{"payload":{"local_timestamp":1705047615696,"message_id":296,"stderr":true,"stdout":"    "},"type":"ws_msg"}
{"payload":{"local_timestamp":1705047615696,"message_id":297,"stderr":true,"stdout":"data = self.stream.read(size)"},"type":"ws_msg"}
{"payload":{"local_timestamp":1705047615696,"message_id":298,"stderr":true,"stdout":"\n"},"type":"ws_msg"}
{"payload":{"local_timestamp":1705047615696,"message_id":299,"stderr":true,"stdout":" "},"type":"ws_msg"}
{"payload":{"local_timestamp":1705047615696,"message_id":300,"stderr":true,"stdout":" "},"type":"ws_msg"}
{"payload":{"local_timestamp":1705047615696,"message_id":301,"stderr":true,"stdout":" "},"type":"ws_msg"}
{"payload":{"local_timestamp":1705047615696,"message_id":302,"stderr":true,"stdout":" "},"type":"ws_msg"}
{"payload":{"local_timestamp":1705047615696,"message_id":303,"stderr":true,"stdout":" "},"type":"ws_msg"}
{"payload":{"local_timestamp":1705047615696,"message_id":304,"stderr":true,"stdout":" "},"type":"ws_msg"}
{"payload":{"local_timestamp":1705047615696,"message_id":305,"stderr":true,"stdout":" "},"type":"ws_msg"}
{"payload":{"local_timestamp":1705047615696,"message_id":306,"stderr":true,"stdout":" "},"type":"ws_msg"}
{"payload":{"local_timestamp":1705047615696,"message_id":307,"stderr":true,"stdout":" "},"type":"ws_msg"}
{"payload":{"local_timestamp":1705047615696,"message_id":308,"stderr":true,"stdout":" "},"type":"ws_msg"}
{"payload":{"local_timestamp":1705047615696,"message_id":309,"stderr":true,"stdout":" "},"type":"ws_msg"}
{"payload":{"local_timestamp":1705047615696,"message_id":310,"stderr":true,"stdout":"^"},"type":"ws_msg"}
{"payload":{"local_timestamp":1705047615696,"message_id":311,"stderr":true,"stdout":"^"},"type":"ws_msg"}
{"payload":{"local_timestamp":1705047615696,"message_id":312,"stderr":true,"stdout":"^"},"type":"ws_msg"}
{"payload":{"local_timestamp":1705047615696,"message_id":313,"stderr":true,"stdout":"^"},"type":"ws_msg"}
{"payload":{"local_timestamp":1705047615696,"message_id":314,"stderr":true,"stdout":"^"},"type":"ws_msg"}
{"payload":{"local_timestamp":1705047615696,"message_id":315,"stderr":true,"stdout":"^"},"type":"ws_msg"}
{"payload":{"local_timestamp":1705047615696,"message_id":316,"stderr":true,"stdout":"^"},"type":"ws_msg"}
{"payload":{"local_timestamp":1705047615696,"message_id":317,"stderr":true,"stdout":"^"},"type":"ws_msg"}
{"payload":{"local_timestamp":1705047615696,"message_id":318,"stderr":true,"stdout":"^"},"type":"ws_msg"}
{"payload":{"local_timestamp":1705047615696,"message_id":319,"stderr":true,"stdout":"^"},"type":"ws_msg"}
{"payload":{"local_timestamp":1705047615696,"message_id":320,"stderr":true,"stdout":"^"},"type":"ws_msg"}
{"payload":{"local_timestamp":1705047615696,"message_id":321,"stderr":true,"stdout":"^"},"type":"ws_msg"}
{"payload":{"local_timestamp":1705047615696,"message_id":322,"stderr":true,"stdout":"^"},"type":"ws_msg"}
{"payload":{"local_timestamp":1705047615696,"message_id":323,"stderr":true,"stdout":"^"},"type":"ws_msg"}
{"payload":{"local_timestamp":1705047615696,"message_id":324,"stderr":true,"stdout":"^"},"type":"ws_msg"}
{"payload":{"local_timestamp":1705047615696,"message_id":325,"stderr":true,"stdout":"^"},"type":"ws_msg"}
{"payload":{"local_timestamp":1705047615696,"message_id":326,"stderr":true,"stdout":"^"},"type":"ws_msg"}
{"payload":{"local_timestamp":1705047615696,"message_id":327,"stderr":true,"stdout":"^"},"type":"ws_msg"}
{"payload":{"local_timestamp":1705047615696,"message_id":328,"stderr":true,"stdout":"^"},"type":"ws_msg"}
{"payload":{"local_timestamp":1705047615696,"message_id":329,"stderr":true,"stdout":"^"},"type":"ws_msg"}
{"payload":{"local_timestamp":1705047615696,"message_id":330,"stderr":true,"stdout":"^"},"type":"ws_msg"}
{"payload":{"local_timestamp":1705047615696,"message_id":331,"stderr":true,"stdout":"^"},"type":"ws_msg"}
{"payload":{"local_timestamp":1705047615696,"message_id":332,"stderr":true,"stdout":"\n"},"type":"ws_msg"}
{"payload":{"local_timestamp":1705047615697,"message_id":333,"stderr":true,"stdout":"  File \"C:\\Users\\Nguyen Le Vu Anh\\AppData\\Local\\Programs\\Python\\Python311\\Lib\\encodings\\cp1252.py\", line 23, in decode\n"},"type":"ws_msg"}
{"payload":{"local_timestamp":1705047615704,"message_id":334,"stderr":true,"stdout":"    "},"type":"ws_msg"}
{"payload":{"local_timestamp":1705047615704,"message_id":335,"stderr":true,"stdout":"return codecs.charmap_decode(input,self.errors,decoding_table)[0]"},"type":"ws_msg"}
{"payload":{"local_timestamp":1705047615705,"message_id":336,"stderr":true,"stdout":"\n"},"type":"ws_msg"}
{"payload":{"local_timestamp":1705047615705,"message_id":337,"stderr":true,"stdout":" "},"type":"ws_msg"}
{"payload":{"local_timestamp":1705047615705,"message_id":338,"stderr":true,"stdout":" "},"type":"ws_msg"}
{"payload":{"local_timestamp":1705047615705,"message_id":339,"stderr":true,"stdout":" "},"type":"ws_msg"}
{"payload":{"local_timestamp":1705047615705,"message_id":340,"stderr":true,"stdout":" "},"type":"ws_msg"}
{"payload":{"local_timestamp":1705047615705,"message_id":341,"stderr":true,"stdout":" "},"type":"ws_msg"}
{"payload":{"local_timestamp":1705047615705,"message_id":342,"stderr":true,"stdout":" "},"type":"ws_msg"}
{"payload":{"local_timestamp":1705047615705,"message_id":343,"stderr":true,"stdout":" "},"type":"ws_msg"}
{"payload":{"local_timestamp":1705047615705,"message_id":344,"stderr":true,"stdout":" "},"type":"ws_msg"}
{"payload":{"local_timestamp":1705047615705,"message_id":345,"stderr":true,"stdout":" "},"type":"ws_msg"}
{"payload":{"local_timestamp":1705047615705,"message_id":346,"stderr":true,"stdout":" "},"type":"ws_msg"}
{"payload":{"local_timestamp":1705047615705,"message_id":347,"stderr":true,"stdout":" "},"type":"ws_msg"}
{"payload":{"local_timestamp":1705047615705,"message_id":348,"stderr":true,"stdout":"^"},"type":"ws_msg"}
{"payload":{"local_timestamp":1705047615705,"message_id":349,"stderr":true,"stdout":"^"},"type":"ws_msg"}
{"payload":{"local_timestamp":1705047615705,"message_id":350,"stderr":true,"stdout":"^"},"type":"ws_msg"}
{"payload":{"local_timestamp":1705047615705,"message_id":351,"stderr":true,"stdout":"^"},"type":"ws_msg"}
{"payload":{"local_timestamp":1705047615705,"message_id":352,"stderr":true,"stdout":"^"},"type":"ws_msg"}
{"payload":{"local_timestamp":1705047615705,"message_id":353,"stderr":true,"stdout":"^"},"type":"ws_msg"}
{"payload":{"local_timestamp":1705047615705,"message_id":354,"stderr":true,"stdout":"^"},"type":"ws_msg"}
{"payload":{"local_timestamp":1705047615705,"message_id":355,"stderr":true,"stdout":"^"},"type":"ws_msg"}
{"payload":{"local_timestamp":1705047615705,"message_id":356,"stderr":true,"stdout":"^"},"type":"ws_msg"}
{"payload":{"local_timestamp":1705047615705,"message_id":357,"stderr":true,"stdout":"^"},"type":"ws_msg"}
{"payload":{"local_timestamp":1705047615705,"message_id":358,"stderr":true,"stdout":"^"},"type":"ws_msg"}
{"payload":{"local_timestamp":1705047615705,"message_id":359,"stderr":true,"stdout":"^"},"type":"ws_msg"}
{"payload":{"local_timestamp":1705047615705,"message_id":360,"stderr":true,"stdout":"^"},"type":"ws_msg"}
{"payload":{"local_timestamp":1705047615705,"message_id":361,"stderr":true,"stdout":"^"},"type":"ws_msg"}
{"payload":{"local_timestamp":1705047615705,"message_id":362,"stderr":true,"stdout":"^"},"type":"ws_msg"}
{"payload":{"local_timestamp":1705047615705,"message_id":363,"stderr":true,"stdout":"^"},"type":"ws_msg"}
{"payload":{"local_timestamp":1705047615705,"message_id":364,"stderr":true,"stdout":"^"},"type":"ws_msg"}
{"payload":{"local_timestamp":1705047615705,"message_id":365,"stderr":true,"stdout":"^"},"type":"ws_msg"}
{"payload":{"local_timestamp":1705047615705,"message_id":366,"stderr":true,"stdout":"^"},"type":"ws_msg"}
{"payload":{"local_timestamp":1705047615705,"message_id":367,"stderr":true,"stdout":"^"},"type":"ws_msg"}
{"payload":{"local_timestamp":1705047615705,"message_id":368,"stderr":true,"stdout":"^"},"type":"ws_msg"}
{"payload":{"local_timestamp":1705047615705,"message_id":369,"stderr":true,"stdout":"^"},"type":"ws_msg"}
{"payload":{"local_timestamp":1705047615705,"message_id":370,"stderr":true,"stdout":"^"},"type":"ws_msg"}
{"payload":{"local_timestamp":1705047615705,"message_id":371,"stderr":true,"stdout":"^"},"type":"ws_msg"}
{"payload":{"local_timestamp":1705047615705,"message_id":372,"stderr":true,"stdout":"^"},"type":"ws_msg"}
{"payload":{"local_timestamp":1705047615705,"message_id":373,"stderr":true,"stdout":"^"},"type":"ws_msg"}
{"payload":{"local_timestamp":1705047615705,"message_id":374,"stderr":true,"stdout":"^"},"type":"ws_msg"}
{"payload":{"local_timestamp":1705047615705,"message_id":375,"stderr":true,"stdout":"^"},"type":"ws_msg"}
{"payload":{"local_timestamp":1705047615705,"message_id":376,"stderr":true,"stdout":"^"},"type":"ws_msg"}
{"payload":{"local_timestamp":1705047615705,"message_id":377,"stderr":true,"stdout":"^"},"type":"ws_msg"}
{"payload":{"local_timestamp":1705047615705,"message_id":378,"stderr":true,"stdout":"^"},"type":"ws_msg"}
{"payload":{"local_timestamp":1705047615705,"message_id":379,"stderr":true,"stdout":"^"},"type":"ws_msg"}
{"payload":{"local_timestamp":1705047615705,"message_id":380,"stderr":true,"stdout":"^"},"type":"ws_msg"}
{"payload":{"local_timestamp":1705047615705,"message_id":381,"stderr":true,"stdout":"^"},"type":"ws_msg"}
{"payload":{"local_timestamp":1705047615705,"message_id":382,"stderr":true,"stdout":"^"},"type":"ws_msg"}
{"payload":{"local_timestamp":1705047615705,"message_id":383,"stderr":true,"stdout":"^"},"type":"ws_msg"}
{"payload":{"local_timestamp":1705047615705,"message_id":384,"stderr":true,"stdout":"^"},"type":"ws_msg"}
{"payload":{"local_timestamp":1705047615705,"message_id":385,"stderr":true,"stdout":"^"},"type":"ws_msg"}
{"payload":{"local_timestamp":1705047615705,"message_id":386,"stderr":true,"stdout":"^"},"type":"ws_msg"}
{"payload":{"local_timestamp":1705047615705,"message_id":387,"stderr":true,"stdout":"^"},"type":"ws_msg"}
{"payload":{"local_timestamp":1705047615705,"message_id":388,"stderr":true,"stdout":"^"},"type":"ws_msg"}
{"payload":{"local_timestamp":1705047615705,"message_id":389,"stderr":true,"stdout":"^"},"type":"ws_msg"}
{"payload":{"local_timestamp":1705047615705,"message_id":390,"stderr":true,"stdout":"^"},"type":"ws_msg"}
{"payload":{"local_timestamp":1705047615705,"message_id":391,"stderr":true,"stdout":"^"},"type":"ws_msg"}
{"payload":{"local_timestamp":1705047615705,"message_id":392,"stderr":true,"stdout":"^"},"type":"ws_msg"}
{"payload":{"local_timestamp":1705047615705,"message_id":393,"stderr":true,"stdout":"^"},"type":"ws_msg"}
{"payload":{"local_timestamp":1705047615705,"message_id":394,"stderr":true,"stdout":"^"},"type":"ws_msg"}
{"payload":{"local_timestamp":1705047615705,"message_id":395,"stderr":true,"stdout":"^"},"type":"ws_msg"}
{"payload":{"local_timestamp":1705047615705,"message_id":396,"stderr":true,"stdout":"^"},"type":"ws_msg"}
{"payload":{"local_timestamp":1705047615705,"message_id":397,"stderr":true,"stdout":"^"},"type":"ws_msg"}
{"payload":{"local_timestamp":1705047615705,"message_id":398,"stderr":true,"stdout":"^"},"type":"ws_msg"}
{"payload":{"local_timestamp":1705047615705,"message_id":399,"stderr":true,"stdout":"^"},"type":"ws_msg"}
{"payload":{"local_timestamp":1705047615705,"message_id":400,"stderr":true,"stdout":"^"},"type":"ws_msg"}
{"payload":{"local_timestamp":1705047615705,"message_id":401,"stderr":true,"stdout":"^"},"type":"ws_msg"}
{"payload":{"local_timestamp":1705047615705,"message_id":402,"stderr":true,"stdout":"^"},"type":"ws_msg"}
{"payload":{"local_timestamp":1705047615706,"message_id":403,"stderr":true,"stdout":"\n"},"type":"ws_msg"}
{"payload":{"local_timestamp":1705047615706,"message_id":404,"stderr":true,"stdout":"UnicodeDecodeError"},"type":"ws_msg"}
{"payload":{"local_timestamp":1705047615706,"message_id":405,"stderr":true,"stdout":": "},"type":"ws_msg"}
{"payload":{"local_timestamp":1705047615706,"message_id":406,"stderr":true,"stdout":"'charmap' codec can't decode byte 0x90 in position 232: character maps to <undefined>"},"type":"ws_msg"}
{"payload":{"local_timestamp":1705047615706,"message_id":407,"stderr":true,"stdout":"\n"},"type":"ws_msg"}
{"payload":{"git_meta":{"branch":"refs/heads/master","origin":"https://github.com/ultralytics/yolov5","parent":"de64179cd4d4f3913b9b6062fb2385308457657a","repo_name":"yolov5","root":"1e84a23f38fad9e52b59101e9f1246d93066ed1e","status":null,"user":"Anhnlv119"},"local_timestamp":1705047615911,"message_id":408},"type":"ws_msg"}
{"payload":{"local_timestamp":1705047615911,"message_id":409,"stderr":true,"stdout":"\u001b[1;38;5;39mCOMET INFO:\u001b[0m ---------------------------------------------------------------------------------------\n"},"type":"ws_msg"}
{"payload":{"local_timestamp":1705047615911,"message_id":410,"stderr":true,"stdout":"\u001b[1;38;5;39mCOMET INFO:\u001b[0m Comet.ml OfflineExperiment Summary\n"},"type":"ws_msg"}
{"payload":{"local_timestamp":1705047615912,"message_id":411,"stderr":true,"stdout":"\u001b[1;38;5;39mCOMET INFO:\u001b[0m ---------------------------------------------------------------------------------------\n"},"type":"ws_msg"}
{"payload":{"local_timestamp":1705047615912,"message_id":412,"stderr":true,"stdout":"\u001b[1;38;5;39mCOMET INFO:\u001b[0m   Data:\n"},"type":"ws_msg"}
{"payload":{"local_timestamp":1705047615913,"message_id":413,"stderr":true,"stdout":"\u001b[1;38;5;39mCOMET INFO:\u001b[0m     display_summary_level : 1\n"},"type":"ws_msg"}
{"payload":{"local_timestamp":1705047615913,"message_id":414,"stderr":true,"stdout":"\u001b[1;38;5;39mCOMET INFO:\u001b[0m     url                   : [OfflineExperiment will get URL after upload]\n"},"type":"ws_msg"}
{"payload":{"local_timestamp":1705047615913,"message_id":415,"stderr":true,"stdout":"\u001b[1;38;5;39mCOMET INFO:\u001b[0m   Others:\n"},"type":"ws_msg"}
{"payload":{"local_timestamp":1705047615913,"message_id":416,"stderr":true,"stdout":"\u001b[1;38;5;39mCOMET INFO:\u001b[0m     Name               : exp\n"},"type":"ws_msg"}
{"payload":{"local_timestamp":1705047615913,"message_id":417,"stderr":true,"stdout":"\u001b[1;38;5;39mCOMET INFO:\u001b[0m     offline_experiment : True\n"},"type":"ws_msg"}
{"payload":{"local_timestamp":1705047615914,"message_id":418,"stderr":true,"stdout":"\u001b[1;38;5;39mCOMET INFO:\u001b[0m   Uploads:\n"},"type":"ws_msg"}
{"payload":{"local_timestamp":1705047615914,"message_id":419,"stderr":true,"stdout":"\u001b[1;38;5;39mCOMET INFO:\u001b[0m     environment details : 1\n"},"type":"ws_msg"}
{"payload":{"local_timestamp":1705047615914,"message_id":420,"stderr":true,"stdout":"\u001b[1;38;5;39mCOMET INFO:\u001b[0m     git metadata        : 1\n"},"type":"ws_msg"}
{"payload":{"local_timestamp":1705047615914,"message_id":421,"stderr":true,"stdout":"\u001b[1;38;5;39mCOMET INFO:\u001b[0m     installed packages  : 1\n"},"type":"ws_msg"}
{"payload":{"local_timestamp":1705047615914,"message_id":422,"stderr":true,"stdout":"\u001b[1;38;5;39mCOMET INFO:\u001b[0m \n"},"type":"ws_msg"}
