{"offline_id": "39cc9a697bb5400cbb246d4d7d61ad1a", "project_name": "yolov5", "start_time": 1705049496018, "stop_time": 1705049540142, "tags": [], "workspace": null, "resume_strategy": "create", "customer_error_reported": true, "customer_error_message": "Unexpected error detected in the user script: URLError(TimeoutError(10060, 'A connection attempt failed because the connected party did not properly respond after a period of time, or established connection failed because connected host has failed to respond', None, 10060, None))"}